City_ID,City,Lat,Lng,Max Temp,Humidity,Cloudiness,Wind Speed,Country,Date
0,klaksvik,-6.589,62.2266,276.66,78,75,15.94,FO,1675032034
1,montecristo,-74.4733,8.2971,299.93,69,48,0.25,CO,1675032120
2,bathsheba,-59.5167,13.2167,298.49,69,20,5.14,BB,1675032120
3,kirakira,161.9205,-10.4544,299.92,85,100,2.77,SB,1675032121
4,codrington,141.9667,-38.2667,290.48,60,58,3.76,AU,1675032121
5,faanui,-151.75,-16.4833,300.47,75,9,5.58,PF,1675032122
6,hermanus,19.2345,-34.4187,291.93,71,100,9.66,ZA,1675032122
7,chemax,-87.9333,20.65,298.83,72,55,2.93,MX,1675032123
8,oranjestad,-70.027,12.524,300.12,69,20,8.75,AW,1675032123
9,xiaoshi,124.1209,41.2971,260.36,92,7,0.99,CN,1675032124
10,whitehorse,-135.0538,60.7161,264.58,69,75,7.2,CA,1675031903
11,arraial do cabo,-42.0278,-22.9661,299.07,78,0,3.09,BR,1675032125
12,rikitea,-134.9692,-23.1203,299.28,72,46,4.14,PF,1675032125
13,freeport,-73.5832,40.6576,284.47,76,100,6.17,US,1675032126
14,abrau-dyurso,37.59,44.69,278.85,79,100,4.74,RU,1675032126
15,kangaatsiaq,-53.4641,68.3065,261.85,76,100,2.85,GL,1675032126
16,hobart,147.3294,-42.8794,292.74,69,75,2.06,AU,1675031854
17,kapaa,-159.319,22.0752,297.33,56,75,11.32,US,1675032127
18,vila franca do campo,-25.4333,37.7167,285.38,73,34,3.96,PT,1675032128
19,tshane,21.8684,-24.0196,298.01,44,64,4.22,BW,1675032128
20,nome,-165.4064,64.5011,274.32,86,100,8.23,US,1675031945
21,upernavik,-56.1549,72.7868,252.45,68,71,4.06,GL,1675032129
22,qidong,121.6561,31.8128,275.8,63,0,1.72,CN,1675032129
23,vaini,-175.2,-21.2,303.24,74,40,4.12,TO,1675032130
24,otane,176.6333,-39.8833,295.93,67,98,2.39,NZ,1675032130
25,huanren,125.3667,41.2647,258.19,96,65,0.32,CN,1675032132
26,esperance,121.9,-33.8667,291.42,60,29,4.65,AU,1675032133
27,albany,-73.9662,42.6001,279.97,68,100,2.7,US,1675032076
28,bosanska kostajnica,16.5444,45.2159,267.69,95,59,1.12,HR,1675032133
29,mataura,168.8643,-46.1927,295.2,50,93,1.36,NZ,1675032134
30,acapulco,-99.8901,16.8634,303.05,70,0,3.09,MX,1675032134
31,welkom,26.7066,-27.9864,291.12,70,60,7.72,ZA,1675032135
32,pitimbu,-34.8086,-7.4706,300.48,72,18,5.98,BR,1675032136
33,zlobin,14.6541,45.2924,271.76,60,0,3.6,HR,1675032136
34,manaus,-60.025,-3.1019,301.43,69,40,2.06,BR,1675032137
35,punta arenas,-70.9167,-53.15,287.21,62,75,10.29,CL,1675032024
36,russell,-85.1999,32.3502,290.93,72,75,0.0,US,1675031885
37,marsabit,37.9899,2.3284,293.62,41,1,4.98,KE,1675032137
38,victoria,114.1577,22.2855,286.11,50,6,3.58,HK,1675031909
39,ushuaia,-68.3,-54.8,284.96,58,20,8.23,AR,1675032008
40,matara,80.5353,5.9485,294.93,89,3,1.29,LK,1675032139
41,atuona,-139.0333,-9.8,299.27,76,12,8.0,PF,1675032139
42,pandan,124.1694,14.0453,298.01,90,100,9.2,PH,1675032140
43,ribeira grande,-28.7,38.5167,285.25,85,13,4.02,PT,1675032140
44,tvoroyri,-6.8111,61.5556,278.45,77,91,15.5,FO,1675032141
45,zheleznodorozhnyy,38.0042,55.7503,270.45,94,95,3.35,RU,1675032141
46,mazagao,-51.2894,-0.115,296.56,94,19,1.58,BR,1675032142
47,kavieng,150.7967,-2.5744,302.34,69,57,2.79,PG,1675032142
48,barrow,-156.7887,71.2906,254.16,78,100,4.63,US,1675032142
49,tuktoyaktuk,-133.0374,69.4541,247.15,76,75,4.12,CA,1675032143
50,vardo,31.1107,70.3705,272.14,86,34,7.72,NO,1675032144
51,busselton,115.3333,-33.65,291.34,66,33,6.1,AU,1675032144
52,ancud,-73.8203,-41.8697,291.02,85,34,3.7,CL,1675032145
53,bredasdorp,20.0403,-34.5322,291.79,66,100,8.3,ZA,1675032146
54,cape town,18.4232,-33.9258,292.54,59,0,6.26,ZA,1675031994
55,bela,81.9833,25.9333,284.12,66,0,1.99,IN,1675032146
56,hithadhoo,73.0833,-0.6,300.5,74,100,3.2,MV,1675032147
57,bethel,-73.414,41.3712,282.34,66,100,0.89,US,1675032147
58,saint-joseph,55.6167,-21.3667,298.36,85,86,1.28,RE,1675032147
59,farafangana,47.8333,-22.8167,298.34,85,17,2.2,MG,1675032148
60,lat yao,99.7893,15.751,289.61,48,20,1.78,TH,1675032148
61,longyearbyen,15.6401,78.2186,269.06,68,75,9.77,SJ,1675032149
62,salalah,54.0924,17.0151,293.2,34,0,6.17,OM,1675032149
63,leh,77.5833,34.1667,265.38,96,100,0.43,IN,1675032150
64,catalina,-110.9211,32.5056,292.29,14,0,9.1,US,1675032150
65,san pedro,121.0167,14.35,296.72,83,75,1.54,PH,1675032151
66,necocli,-76.786,8.4234,297.9,74,100,2.94,CO,1675032151
67,bluff,168.3333,-46.6,289.79,85,100,2.03,NZ,1675032152
68,lavrentiya,-171.0,65.5833,265.63,93,71,6.46,RU,1675032152
69,tarakan,117.6333,3.3,296.87,100,75,1.03,ID,1675032152
70,pacific grove,-121.9166,36.6177,285.68,75,75,5.66,US,1675032153
71,yellowknife,-114.3525,62.456,246.44,76,20,4.12,CA,1675031798
72,boa vista,-60.6733,2.8197,303.14,51,75,4.63,BR,1675032154
73,provideniya,-173.3,64.3833,270.21,80,100,9.0,RU,1675032154
74,dikson,80.5464,73.5069,239.48,96,51,1.28,RU,1675032154
75,clyde river,-68.5914,70.4692,246.55,98,100,3.13,CA,1675032155
76,ipixuna,-48.8043,-1.7625,296.11,96,68,1.51,BR,1675032155
77,boguchany,97.4531,58.3814,259.61,95,98,2.48,RU,1675032156
78,portland,-122.6762,45.5234,278.17,33,0,9.26,US,1675031619
79,kaitangata,169.8464,-46.2817,295.65,48,70,0.27,NZ,1675032156
80,laguna,-121.4238,38.421,284.09,76,100,3.09,US,1675032157
81,sarangani,125.4636,5.4033,300.14,77,100,1.24,PH,1675032157
82,adrar,-10.0711,20.5022,287.33,44,69,4.02,MR,1675032158
83,manzhouli,117.4333,49.6,249.62,100,96,1.37,CN,1675032158
84,cochrane,-114.4687,51.1834,261.3,61,74,2.12,CA,1675031927
85,pauini,-66.9764,-7.7136,296.29,95,94,1.15,BR,1675032159
86,kisangani,25.2,0.5167,293.68,90,100,0.6,CD,1675032073
87,pangody,74.4859,65.85,241.74,100,63,2.48,RU,1675032160
88,ryotsu,138.4333,38.0833,274.9,81,95,5.45,JP,1675032160
89,georgetown,100.3354,5.4112,299.11,83,20,2.57,MY,1675032161
90,iquique,-70.1431,-20.2208,297.17,82,82,0.77,CL,1675031997
91,hailar,119.7,49.2,242.24,100,100,1.61,CN,1675032161
92,hilo,-155.09,19.7297,295.53,87,100,1.54,US,1675032162
93,puerto ayora,-90.3518,-0.7393,302.13,94,93,1.79,EC,1675032162
94,cabo san lucas,-109.9124,22.8909,296.82,72,0,5.14,MX,1675032033
95,huarmey,-78.1522,-10.0681,296.57,77,70,3.73,PE,1675032163
96,rio gallegos,-69.2181,-51.6226,291.18,45,75,4.63,AR,1675032163
97,halifax,-63.5724,44.6453,276.6,76,100,7.72,CA,1675032055
98,camacha,-16.3333,33.0833,285.83,67,40,3.09,PT,1675032058
99,port alfred,26.891,-33.5906,291.03,76,100,5.17,ZA,1675032164
100,morant bay,-76.4093,17.8815,302.94,75,33,4.72,JM,1675032165
101,sitka,-135.33,57.0531,277.09,75,0,1.54,US,1675032165
102,santa luzia,-43.8514,-19.7697,299.75,63,40,2.57,BR,1675032165
103,nishihara,127.7558,26.1842,286.75,56,75,5.66,JP,1675032166
104,bengkulu,102.2655,-3.8004,296.84,89,100,2.14,ID,1675032166
105,husavik,-17.3389,66.0449,268.88,81,100,6.67,IS,1675032038
106,lexington,-84.4777,37.9887,281.16,86,100,2.06,US,1675032166
107,narsaq,-46.05,60.9167,260.27,69,100,3.76,GL,1675032167
108,lebu,-73.65,-37.6167,290.02,90,9,7.0,CL,1675032168
109,saint-philippe,55.7679,-21.3585,298.92,87,86,1.9,RE,1675032168
110,souillac,57.5167,-20.5167,298.36,88,20,0.0,MU,1675032168
111,leningradskiy,178.4167,69.3833,254.16,91,99,1.83,RU,1675032169
112,port macquarie,152.9167,-31.4333,297.53,83,100,4.52,AU,1675032169
113,severo-kurilsk,156.125,50.6789,270.23,86,100,17.02,RU,1675032170
114,chokurdakh,147.9167,70.6333,232.54,100,54,0.51,RU,1675032170
115,iqaluit,-68.5145,63.7506,238.0,75,100,0.0,CA,1675032171
116,aswan,32.907,24.0934,291.76,48,0,0.0,EG,1675032067
117,college,-147.8028,64.8569,273.04,92,100,0.0,US,1675032171
118,deputatskiy,139.9,69.3,233.79,98,9,1.22,RU,1675032172
119,umea,20.2597,63.8284,274.11,93,100,4.63,SE,1675032054
120,lorengau,147.2712,-2.0226,301.63,72,96,0.83,PG,1675032172
121,katangli,143.2326,51.7102,248.5,88,7,7.1,RU,1675032173
122,san ignacio,-89.0714,17.1561,301.23,69,20,2.06,BZ,1675032173
123,jamestown,-79.2353,42.097,275.38,100,100,5.66,US,1675031984
124,new norfolk,147.0587,-42.7826,292.55,50,65,1.21,AU,1675032174
125,syumsi,51.6149,57.1111,258.65,96,89,2.72,RU,1675032174
126,east london,27.9116,-33.0153,292.08,63,100,2.37,ZA,1675032175
127,shitanjing,106.3439,39.2342,267.76,22,16,1.51,CN,1675032175
128,geraldton,114.6,-28.7667,295.38,73,18,3.09,AU,1675032176
129,qaanaaq,-69.3632,77.484,249.39,77,88,2.83,GL,1675032177
130,port elizabeth,25.5701,-33.918,289.44,71,0,3.09,ZA,1675032177
131,ponta do sol,-17.1,32.6667,287.43,66,64,3.34,PT,1675032178
132,tazovskiy,78.7,67.4667,244.7,100,99,1.4,RU,1675032178
133,khatanga,102.5,71.9667,231.85,100,81,1.37,RU,1675032178
134,moussoro,16.4901,13.6408,300.15,16,87,4.2,TD,1675032179
135,half moon bay,-122.4286,37.4636,284.49,78,100,6.69,US,1675032124
136,maragogi,-35.2225,-9.0122,299.28,74,7,4.56,BR,1675032179
137,inongo,18.2667,-1.95,296.22,80,44,1.24,CD,1675031946
138,nizhniy kuranakh,125.4869,58.8353,236.07,99,66,1.35,RU,1675032180
139,camana,-72.7111,-16.6228,296.47,80,68,0.82,PE,1675032180
140,pak phanang,100.202,8.3511,298.16,80,98,5.02,TH,1675032181
141,comodoro rivadavia,-67.5,-45.8667,298.07,44,20,9.26,AR,1675032181
142,russas,-37.9758,-4.9403,299.36,76,4,4.15,BR,1675032182
143,fairbanks,-147.7164,64.8378,273.05,92,100,0.0,US,1675032182
144,igarka,86.5833,67.4667,249.38,99,88,1.44,RU,1675032183
145,umm kaddadah,26.6876,13.6017,296.11,11,92,5.22,SD,1675032183
146,gazli,63.45,40.1333,274.05,78,100,4.01,UZ,1675032184
147,sept-iles,-66.3821,50.2001,258.18,66,100,1.54,CA,1675032184
148,nantai,122.8044,40.9241,265.13,57,0,1.26,CN,1675032185
149,bouake,-5.0218,7.6895,302.21,94,20,1.03,CI,1675032185
150,castro,-50.0119,-24.7911,290.79,95,83,0.04,BR,1675032186
151,anadyr,177.4833,64.75,272.43,80,75,13.0,RU,1675032186
152,sao domingos do maranhao,-44.3853,-5.5758,296.85,85,51,1.49,BR,1675032187
153,torbay,-52.7314,47.6666,272.36,73,75,11.83,CA,1675032187
154,atar,-13.0499,20.5169,289.39,40,60,3.94,MR,1675032188
155,lakhdenpokhya,30.1992,61.5198,272.97,90,99,6.5,RU,1675032188
156,mar del plata,-57.5575,-38.0023,295.16,77,0,8.49,AR,1675032189
157,butaritari,172.7902,3.0707,300.45,79,30,9.87,KI,1675032189
158,mandsaur,75.0667,24.0667,289.07,64,88,1.73,IN,1675032190
159,bilibino,166.4372,68.0546,259.57,87,100,2.42,RU,1675032190
160,bilma,12.9164,18.6853,294.75,14,62,3.61,NE,1675032028
161,mahebourg,57.7,-20.4081,298.31,88,20,0.0,MU,1675032191
162,noyabrsk,75.4507,63.1994,243.17,100,42,1.73,RU,1675032191
163,north platte,-100.7654,41.1239,257.25,77,100,4.63,US,1675032192
164,kendari,122.4989,-3.945,297.62,91,60,1.04,ID,1675032193
165,lata,-8.3327,40.1629,278.75,77,24,1.67,PT,1675032193
166,birjand,59.2211,32.8663,273.41,86,75,2.06,IR,1675032194
167,port hedland,118.5667,-20.3167,301.18,94,59,3.09,AU,1675032194
168,hofn,-15.2082,64.2539,271.91,66,96,7.57,IS,1675032195
169,tomigusuku,127.675,26.185,287.02,55,75,7.2,JP,1675032195
170,kodiak,-152.4072,57.79,276.88,100,100,3.09,US,1675032195
171,hovd,91.6419,48.0056,257.87,71,61,2.08,MN,1675032196
172,axim,-2.2405,4.8699,299.41,87,33,3.35,GH,1675032196
173,cangucu,-52.6756,-31.395,297.71,77,7,4.86,BR,1675032197
174,derzhavinsk,66.3167,51.1,251.43,97,11,2.87,KZ,1675032198
175,nikolskoye,30.7861,59.7035,274.09,90,95,5.02,RU,1675032198
176,yerakion,22.7,37.0,278.62,92,60,2.22,GR,1675032198
177,zuwarah,12.082,32.9312,284.78,56,0,3.53,LY,1675032199
178,dangriga,-88.2321,16.9692,299.2,71,13,4.05,BZ,1675032199
179,ambilobe,49.05,-13.2,297.24,92,72,0.54,MG,1675032200
180,kawalu,108.2082,-7.3817,295.34,89,100,1.09,ID,1675032201
181,kahului,-156.47,20.8947,296.95,83,40,5.14,US,1675032201
182,villa bruzual,-69.1208,9.3328,300.88,34,11,0.63,VE,1675032202
183,seoul,126.9778,37.5683,268.84,77,0,1.54,KR,1675031981
184,chuy,-53.4616,-33.6971,295.01,78,19,5.21,UY,1675032202
185,alice springs,133.8833,-23.7,296.9,94,100,2.06,AU,1675032203
186,bubaque,-15.8333,11.2833,298.37,65,65,6.42,GW,1675032204
187,irbeyskoye,95.4522,55.6428,264.05,84,100,6.39,RU,1675032204
188,nabire,135.4833,-3.3667,297.61,92,100,1.36,ID,1675032205
189,saint george,-113.5841,37.1041,285.9,33,0,1.34,US,1675032205
190,odweyne,45.064,9.4092,291.64,55,5,3.36,SO,1675032205
191,chara,118.2631,56.9064,248.46,76,99,0.43,RU,1675032206
192,ostrovnoy,39.5131,68.0531,268.18,93,100,10.26,RU,1675032206
193,abha,42.5053,18.2164,285.29,76,0,2.57,SA,1675032207
194,zhangjiakou,114.8794,40.81,265.17,56,0,0.12,CN,1675032207
195,port lincoln,135.8667,-34.7333,290.23,70,84,4.17,AU,1675032208
196,trincomalee,81.2335,8.5711,298.69,78,100,3.02,LK,1675032208
197,fortuna,-124.1573,40.5982,285.57,53,0,7.2,US,1675032209
198,kurumkan,110.3,54.3,253.98,95,96,1.0,RU,1675032209
199,bambous virieux,57.7575,-20.3428,298.29,88,20,0.0,MU,1675032209
200,yenagoa,6.2642,4.9247,298.03,88,100,0.86,NG,1675032210
201,cumberland,-78.8664,35.0502,289.53,61,100,1.54,US,1675032210
202,grand gaube,57.6608,-20.0064,298.37,87,100,1.35,MU,1675032211
203,palmer,-72.3287,42.1584,283.38,52,100,4.63,US,1675032211
204,tremosna,13.395,49.8158,271.75,92,100,2.06,CZ,1675032212
205,watertown,-71.1828,42.3709,284.05,64,100,7.2,US,1675031941
206,airai,125.4092,-8.9266,291.28,85,100,0.36,TL,1675032212
207,pierre,-100.351,44.3683,260.85,61,75,6.17,US,1675032213
208,cockburn town,-71.1419,21.4612,298.13,69,75,7.72,TC,1675032146
209,avarua,-159.775,-21.2078,299.18,89,75,2.06,CK,1675032213
210,lakatoro,167.4164,-16.0999,302.22,71,100,2.47,VU,1675032214
211,walvis bay,14.5053,-22.9575,290.42,77,0,5.88,NA,1675032214
212,strezhevoy,77.5889,60.7333,247.67,100,79,0.96,RU,1675032215
213,fare,-151.0167,-16.7,300.38,73,3,5.24,PF,1675032215
214,marsala,12.4352,37.7966,282.56,93,0,2.57,IT,1675032216
215,toppenish,-120.3087,46.3774,272.98,41,26,3.15,US,1675032216
216,hobyo,48.5268,5.3505,297.51,77,63,8.91,SO,1675032217
217,lashio,97.75,22.9333,284.7,71,4,1.05,MM,1675032217
218,caarapo,-54.8222,-22.6342,297.63,74,56,1.49,BR,1675032217
219,auki,160.7034,-8.7676,297.74,92,100,2.81,SB,1675032218
220,itoman,127.6694,26.1247,287.16,55,75,7.2,JP,1675032219
221,vrangel,133.0839,42.7297,260.76,72,10,4.78,RU,1675032219
222,santiago de cuba,-75.8219,20.0247,302.21,51,40,4.63,CU,1675032219
223,najran,44.1277,17.4924,284.51,61,64,0.99,SA,1675032136
224,sfantu gheorghe,25.7833,45.8667,269.41,94,98,1.85,RO,1675032159
225,isangel,169.2667,-19.55,302.53,68,100,2.19,VU,1675032220
226,vestmannaeyjar,-20.2734,63.4427,273.63,83,6,7.46,IS,1675032221
227,nanortalik,-45.2371,60.1432,267.39,84,100,3.79,GL,1675032221
228,north bend,-124.2243,43.4065,280.1,58,0,7.2,US,1675032222
229,seddon,144.8916,-37.8068,292.97,72,75,5.66,AU,1675032222
230,talagang,72.4158,32.9297,282.91,92,99,4.44,PK,1675032223
231,winchester,-1.3187,51.0651,281.16,93,100,4.63,GB,1675032223
232,tekeli,78.8239,44.83,266.88,58,100,3.69,KZ,1675032223
233,nouakchott,-15.9785,18.0858,291.11,49,75,5.1,MR,1675032224
234,talnakh,88.3972,69.4865,252.32,100,100,0.17,RU,1675032224
235,maniitsoq,-52.9,65.4167,268.42,81,100,6.9,GL,1675032225
236,oppdal,9.6912,62.5943,272.45,90,44,12.2,NO,1675032225
237,rawson,-65.1023,-43.3002,307.69,23,0,9.02,AR,1675032226
238,ludvika,15.1878,60.1496,279.04,89,100,8.53,SE,1675032226
239,primero de enero,-78.4283,21.9469,297.71,58,5,6.07,CU,1675032227
240,saint-pierre,55.4781,-21.3393,298.97,73,0,2.57,RE,1675032227
241,petropavlovsk-kamchatskiy,158.6483,53.0452,268.48,68,20,5.0,RU,1675032174
242,nyurba,118.3319,63.2842,236.35,100,98,1.21,RU,1675032228
243,taoudenni,-3.9836,22.6783,288.57,16,40,5.13,ML,1675032128
244,vallenar,-70.7581,-28.5708,298.07,46,2,2.82,CL,1675032228
245,pangnirtung,-65.7125,66.1451,240.43,73,75,1.44,CA,1675032229
246,wattegama,81.4808,6.7989,293.7,82,31,1.68,LK,1675032229
247,kalanguy,116.5167,51.0167,250.14,100,95,1.76,RU,1675032229
248,loa janan,117.095,-0.583,296.2,98,86,0.76,ID,1675032230
249,rio grande,-52.0986,-32.035,300.21,79,9,5.88,BR,1675032110
250,schneverdingen,9.8,53.1167,276.53,86,100,8.09,DE,1675032230
251,grants,-107.8514,35.1473,284.28,11,0,5.66,US,1675032021
252,tasiilaq,-37.6368,65.6145,266.24,89,71,3.09,GL,1675032231
253,am timan,20.2827,11.0297,301.22,14,56,2.22,TD,1675032231
254,ocampo,-101.5,21.65,294.26,20,0,4.34,MX,1675032232
255,vila velha,-40.2925,-20.3297,299.23,87,20,5.14,BR,1675032232
256,celestun,-90.4,20.8667,300.37,64,3,5.6,MX,1675032233
257,westport,-73.3579,41.1415,282.45,72,100,4.63,US,1675032233
258,andilamena,48.5833,-17.0167,292.35,95,82,1.73,MG,1675032234
259,nosy varika,48.5333,-20.5833,298.48,81,82,1.62,MG,1675032234
260,arman,150.1667,59.7,261.42,78,100,6.33,RU,1675032234
261,kieta,155.6333,-6.2167,301.39,78,100,2.59,PG,1675032235
262,nicoya,-85.452,10.1483,301.91,53,100,4.75,CR,1675032235
263,carnarvon,113.6333,-24.8667,296.26,82,1,5.53,AU,1675032236
264,alberton,-64.0654,46.8168,268.22,80,100,7.01,CA,1675032236
265,pingliang,106.6861,35.5392,270.77,33,0,0.45,CN,1675031954
266,caravelas,-39.2481,-17.7125,297.72,82,18,2.53,BR,1675032237
267,urucara,-57.76,-2.5364,296.56,96,83,0.3,BR,1675032237
268,san jeronimo,-75.2829,-11.9472,286.38,76,98,0.9,PE,1675032237
269,peace river,-117.286,56.2501,260.32,61,100,5.14,CA,1675032204
270,maldonado,-54.9167,-34.6667,296.81,74,0,4.92,UY,1675032238
271,okhotsk,143.3,59.3833,249.74,74,100,9.85,RU,1675032238
272,balabac,117.0645,7.9868,299.48,83,94,7.12,PH,1675032239
273,amga,131.9608,60.8953,224.33,100,94,0.68,RU,1675032239
274,oranjemund,16.4333,-28.55,288.61,91,0,0.53,NA,1675032240
275,khani,42.9566,41.9563,274.91,99,100,0.62,GE,1675032240
276,la sarre,-79.1996,48.8002,250.32,98,85,1.63,CA,1675032241
277,huainan,116.9969,32.6264,275.0,50,0,2.49,CN,1675032241
278,kloulklubed,134.2556,7.0419,296.43,76,100,5.84,PW,1675032242
279,port moresby,147.1797,-9.4431,299.83,89,20,2.57,PG,1675032242
280,chabahar,60.643,25.2919,291.62,52,0,4.47,IR,1675032243
281,sorong,131.25,-0.8833,298.77,90,100,4.35,ID,1675032243
282,galle,80.217,6.0367,296.16,83,2,0.42,LK,1675032244
283,saldanha,17.9442,-33.0117,294.18,64,1,5.8,ZA,1675032244
284,san jose,-121.895,37.3394,286.16,67,75,6.17,US,1675032116
285,netivot,34.5886,31.4222,283.48,76,54,1.37,IL,1675032245
286,matamoros,-103.25,25.5333,301.21,20,40,1.54,MX,1675032245
287,cherskiy,161.3,68.75,255.25,91,100,2.96,RU,1675032014
288,puerto escondido,-97.0667,15.85,302.61,61,20,3.6,MX,1675032246
289,kushiro,144.3747,42.975,257.68,66,20,4.12,JP,1675032246
290,hecun,114.1111,36.5333,273.98,32,0,2.26,CN,1675032247
291,saint-augustin,-58.6502,51.226,253.24,82,6,2.84,CA,1675032247
292,ushtobe,77.9838,45.2514,260.32,87,100,3.41,KZ,1675032248
293,ambulu,113.6058,-8.345,297.35,93,100,0.46,ID,1675032249
294,ilulissat,-51.1,69.2167,265.16,53,75,10.29,GL,1675032249
295,bongandanga,21.05,1.5,293.2,94,84,0.71,CD,1675032249
296,nola,14.5329,40.922,281.07,82,1,2.05,IT,1675032250
297,beyneu,55.2,45.3167,270.54,80,8,4.56,KZ,1675032082
298,ust-omchug,149.6333,61.15,250.46,98,100,3.45,RU,1675032251
299,shache,77.2406,38.4167,263.94,88,98,0.96,CN,1675032251
300,deyang,104.382,31.1302,276.8,54,0,1.3,CN,1675032252
301,san patricio,-97.5169,28.017,301.2,67,87,0.58,US,1675032252
302,port hardy,-127.4199,50.6996,276.25,56,0,2.06,CA,1675031956
303,dunedin,170.5036,-45.8742,293.67,51,39,2.23,NZ,1675032253
304,panjab,67.0233,34.388,258.22,100,86,1.34,AF,1675032253
305,avera,-82.5271,33.194,282.8,91,100,1.12,US,1675032109
306,smithers,-127.1743,54.7804,261.33,56,0,1.54,CA,1675032254
307,hervey bay,152.8535,-25.2986,298.95,65,76,1.59,AU,1675032255
308,kushima,131.2333,31.4583,278.64,80,28,2.78,JP,1675032255
309,thompson,-97.8558,55.7435,246.24,63,75,4.63,CA,1675032255
310,shingu,135.9833,33.7333,276.91,68,7,3.59,JP,1675032256
311,norman wells,-126.8329,65.282,264.17,86,100,4.63,CA,1675032257
312,zhanaozen,52.8,43.3,270.71,47,7,4.65,KZ,1675032080
313,gamba,10.0,-2.65,298.52,86,77,2.54,GA,1675032257
314,sibolga,98.7792,1.7427,297.0,86,95,1.69,ID,1675032258
315,cap malheureux,57.6142,-19.9842,298.41,87,100,1.3,MU,1675032258
316,sao filipe,-24.4956,14.8961,294.76,69,87,5.67,CV,1675032259
317,venado tuerto,-61.9688,-33.7456,302.46,44,97,2.8,AR,1675032259
318,almaznyy,40.045,48.0448,273.57,91,100,1.85,RU,1675032260
319,chunhuhub,-88.6833,19.55,297.65,77,92,2.03,MX,1675032260
320,coahuayana,-103.6833,18.7333,303.2,43,0,2.3,MX,1675032261
321,gizo,156.8419,-8.103,301.05,76,100,3.07,SB,1675032261
322,dwarka,68.9678,22.2394,292.25,60,0,6.0,IN,1675032262
323,kibre mengist,38.9833,5.8833,286.8,59,47,0.84,ET,1675032262
324,touros,-35.4608,-5.1989,299.96,71,10,6.61,BR,1675032263
325,illela,5.2975,13.7292,296.87,9,58,3.97,NG,1675032263
326,daru,143.2092,-9.0763,300.8,81,94,2.18,PG,1675032263
327,little current,-81.9248,45.9793,263.41,73,72,2.04,CA,1675032264
328,luebo,21.4167,-5.35,294.01,99,78,1.92,CD,1675032264
329,pevek,170.3133,69.7008,258.53,91,100,0.88,RU,1675032265
330,karla,24.9275,59.3723,274.99,93,100,6.17,EE,1675032265
331,constitucion,-72.4167,-35.3333,291.21,79,48,6.72,CL,1675032266
332,guerrero negro,-114.0611,27.9769,290.21,55,0,4.4,MX,1675032266
333,jalu,21.5482,29.0331,285.35,43,1,4.15,LY,1675032267
334,zhangye,100.4517,38.9342,267.97,34,7,2.08,CN,1675032267
335,muscat,58.5922,23.6139,288.16,60,0,1.02,OM,1675032268
336,thanh hoa,105.7667,19.8,283.63,56,2,1.37,VN,1675032078
337,troitsko-pechorsk,56.1964,62.7084,259.96,94,100,3.48,RU,1675032268
338,san policarpo,125.5072,12.1791,297.97,90,100,7.55,PH,1675032269
339,hambantota,81.1185,6.1241,295.37,82,9,1.86,LK,1675032269
340,gornyak,81.4661,50.9942,256.45,94,97,2.05,RU,1675032270
341,mount isa,139.5,-20.7333,301.02,65,75,1.03,AU,1675032094
342,tezu,96.1667,27.9167,289.97,38,1,1.92,IN,1675032271
343,skibbereen,-9.2667,51.55,282.65,91,82,3.46,IE,1675032271
344,aklavik,-135.0107,68.2191,253.19,98,96,0.5,CA,1675032150
345,beringovskiy,179.3167,63.05,269.76,96,100,9.43,RU,1675032272
346,arandis,14.9667,-22.4167,292.97,62,46,2.0,NA,1675032273
347,saskylakh,114.0833,71.9167,234.76,99,95,2.1,RU,1675032273
348,contamana,-75.0167,-7.3333,302.06,56,84,1.41,PE,1675032273
349,samarai,150.6667,-10.6167,302.12,75,21,3.63,PG,1675032274
350,blagoveshchenka,79.8667,52.8333,257.28,97,93,3.66,RU,1675032274
351,kibi,-0.5538,6.1649,296.07,90,82,0.44,GH,1675032275
352,sola,167.55,-13.8833,300.48,75,100,3.19,VU,1675032275
353,comarapa,-64.4833,-17.9,288.53,90,99,0.66,BO,1675032276
354,abatskoye,70.4555,56.2875,258.47,94,8,4.38,RU,1675032276
355,miles city,-105.8406,46.4083,256.69,71,75,7.72,US,1675032276
356,balkanabat,54.3671,39.5108,276.84,61,78,0.7,TM,1675032277
357,havelock,-76.9013,34.8791,291.13,73,83,1.63,US,1675031983
358,tibiri,7.0485,13.5627,297.3,14,98,4.52,NE,1675032277
359,tripoli,13.1875,32.8752,285.22,56,4,4.45,LY,1675032278
360,cidreira,-50.2056,-30.1811,296.66,88,2,2.77,BR,1675032279
361,xingyi,102.817,24.1877,275.47,85,5,0.12,CN,1675032279
362,rudnichnyy,52.4703,59.617,262.61,93,100,4.06,RU,1675032280
363,ahuimanu,-157.8378,21.4447,296.99,83,100,4.63,US,1675032280
364,zamora,-78.9567,-4.0692,301.73,74,59,1.12,EC,1675032057
365,varzea da palma,-44.7308,-17.5981,295.29,85,18,0.26,BR,1675032281
366,bell ville,-62.6887,-32.6259,300.19,34,99,0.37,AR,1675032281
367,kungurtug,97.5228,50.5994,251.61,95,88,0.63,RU,1675032281
368,san felipe,-68.7425,10.3399,294.28,90,37,2.71,VE,1675032282
369,assare,-39.875,-6.8744,298.45,38,53,0.86,BR,1675032282
370,lawrence,-95.2353,38.9717,269.02,51,0,6.69,US,1675032053
371,vashkivtsi,25.5102,48.3849,270.56,73,92,1.38,UA,1675032283
372,emba,58.1442,48.8264,256.95,98,59,1.45,KZ,1675032283
373,mayumba,10.6554,-3.432,298.97,85,99,2.02,GA,1675032284
374,radishchevo,47.8833,52.85,261.58,98,95,2.15,RU,1675032284
375,bam,58.357,29.106,281.63,41,0,2.0,IR,1675032284
376,lubang,120.124,13.8584,298.4,76,62,11.57,PH,1675032285
377,tiksi,128.8694,71.6872,236.43,97,91,2.77,RU,1675032285
378,cocorit,-109.9667,27.5833,297.62,24,0,6.38,MX,1675032286
379,marawi,124.2928,7.9986,293.66,94,100,0.56,PH,1675032286
380,biak,122.8766,-0.9131,298.15,78,100,0.69,ID,1675032286
381,maceio,-35.7353,-9.6658,299.84,78,20,3.6,BR,1675032287
382,bhabua,83.6167,25.05,285.03,49,80,0.86,IN,1675032287
383,kholm,32.85,59.2667,271.95,92,99,4.68,RU,1675032288
384,vieste,16.175,41.8825,282.12,68,36,6.34,IT,1675032288
385,tiznit,-9.5,29.5833,282.9,51,0,1.28,MA,1675032289
386,harper,-7.7169,4.375,299.0,84,39,2.96,LR,1675032289
387,coihaique,-72.0662,-45.5752,297.12,50,40,4.12,CL,1675032290
388,yar-sale,70.8333,66.8333,250.87,97,99,3.59,RU,1675032290
389,flinders,150.8552,-34.5833,297.69,84,100,2.68,AU,1675032290
390,weligama,80.4167,5.9667,295.16,87,3,1.06,LK,1675032292
391,dingle,122.6711,10.9995,296.99,94,100,5.05,PH,1675032292
392,batticaloa,81.6924,7.7102,296.42,87,79,3.02,LK,1675032293
393,coffs harbour,153.1333,-30.3,299.13,73,100,6.17,AU,1675032222
394,port-gentil,8.7815,-0.7193,300.13,83,20,2.06,GA,1675032293
395,jonkoping,14.1562,57.7814,278.36,100,100,8.75,SE,1675032294
396,namatanai,152.4333,-3.6667,302.28,67,78,3.1,PG,1675032294
397,luderitz,15.1594,-26.6481,288.2,91,0,4.86,NA,1675032294
398,bayir,28.2167,37.2687,276.44,86,4,1.78,TR,1675032295
399,pietarsaari,22.6833,63.65,273.71,93,100,0.45,FI,1675032295
400,businga,20.8833,3.3333,293.93,85,29,1.66,CD,1675032296
401,bhawanipatna,83.1667,19.9,290.77,80,5,1.86,IN,1675032015
402,bien hoa,106.8167,10.95,294.14,67,25,2.71,VN,1675032296
403,flin flon,-101.865,54.7682,248.06,58,40,3.09,CA,1675032297
404,muzhi,64.6667,65.3667,254.44,100,100,1.13,RU,1675032297
405,baruun-urt,113.2792,46.6806,255.73,93,100,0.63,MN,1675032298
406,new ulm,-94.4605,44.3125,256.36,71,0,2.57,US,1675032097
407,dali,100.1833,25.7,277.69,79,51,0.27,CN,1675032298
408,ngunguru,174.5,-35.6167,292.77,92,100,7.16,NZ,1675032299
409,acarau,-40.12,-2.8856,299.13,79,19,4.49,BR,1675032299
410,kruisfontein,24.7314,-34.0033,288.09,67,100,2.8,ZA,1675032300
411,arlit,7.3853,18.7369,289.31,5,8,3.67,NE,1675032300
412,hernani,-1.9762,43.2662,278.94,81,100,1.03,ES,1675032300
413,kodinsk,99.1844,58.6881,259.3,95,100,2.62,RU,1675032301
414,mehamn,27.8492,71.0357,275.1,74,75,1.54,NO,1675032301
415,west wendover,-114.0733,40.7391,270.71,69,100,4.63,US,1675032302
416,henties bay,14.2845,-22.116,290.62,84,29,4.93,NA,1675032303
417,port blair,92.75,11.6667,300.17,74,40,4.12,IN,1675032303
418,sao joao do paraiso,-42.0144,-15.3136,292.89,83,67,1.66,BR,1675032304
419,tigil,158.6667,57.8,269.24,88,100,5.22,RU,1675032304
420,shelburne,-80.2041,44.0787,266.59,92,100,3.5,CA,1675032305
421,yerbogachen,108.0108,61.2767,256.85,98,100,0.49,RU,1675032305
422,manduria,17.6335,40.4018,280.65,74,79,5.97,IT,1675032306
423,zvishavane,30.0665,-20.3267,294.03,78,92,5.83,ZW,1675032306
424,bayevo,80.7667,53.2833,257.88,97,93,3.82,RU,1675032307
425,mount gambier,140.7667,-37.8333,291.23,56,18,3.12,AU,1675032307
426,anastacio,-55.8069,-20.4836,299.86,67,50,2.22,BR,1675032308
427,aksu,80.2644,41.1231,260.82,90,71,1.5,CN,1675032308
428,el tigre,-64.2454,8.8875,299.82,50,98,6.17,VE,1675032309
429,bajil,43.2851,15.0584,297.34,74,22,1.6,YE,1675032309
430,dolinsk,142.8,47.35,257.24,96,72,0.95,RU,1675032310
431,santa cruz,-63.1667,-17.8,300.18,74,75,5.14,BO,1675032311
432,ulaangom,92.0667,49.9811,244.65,95,96,1.66,MN,1675032311
433,agbor,6.1934,6.2518,297.53,90,100,1.55,NG,1675032312
434,chinar,48.1432,42.108,276.1,89,100,1.65,RU,1675032312
435,zambezi,23.1047,-13.5432,289.92,96,100,1.95,ZM,1675032313
436,necochea,-58.7368,-38.5473,296.62,41,0,7.96,AR,1675032313
437,altay,88.1167,47.8667,257.72,67,12,2.97,CN,1675032314
438,yulara,130.9889,-25.2406,296.08,70,75,5.1,AU,1675032314
439,skoghall,13.4655,59.3232,279.46,87,75,10.29,SE,1675032315
440,neenah,-88.4626,44.1858,265.23,86,93,3.01,US,1675032315
441,unity,-109.1682,52.4501,249.96,91,84,4.29,CA,1675032316
442,roald,6.1333,62.5833,280.24,75,75,10.8,NO,1675032316
443,mount darwin,31.5838,-16.7725,293.3,90,97,0.91,ZW,1675032317
444,svetlaya,138.3297,46.5389,256.86,76,49,2.72,RU,1675032318
445,chumikan,135.315,54.7183,245.35,87,28,10.5,RU,1675032318
446,mormugao,73.8,15.4,295.35,89,64,4.78,IN,1675032318
447,imbituba,-48.6703,-28.24,296.49,92,92,1.66,BR,1675032319
448,sobolevo,31.8996,54.4299,270.22,94,100,5.32,RU,1675032319
449,gemena,19.7667,3.25,294.48,86,31,1.78,CD,1675032320
450,tura,90.2201,25.5198,288.34,62,0,1.41,IN,1675032320
451,ostersund,14.6357,63.1792,276.4,81,75,6.17,SE,1675032037
452,minab,57.0801,27.1467,288.44,61,0,1.83,IR,1675032321
453,maragheh,46.2398,37.3917,274.25,93,100,1.29,IR,1675032322
454,lugasu de jos,22.35,47.0667,272.6,85,100,1.74,RO,1675032322
455,purpe,76.6897,64.4803,242.73,100,12,2.47,RU,1675032323
456,moree,149.85,-29.4667,302.97,45,93,8.26,AU,1675032323
457,lompoc,-120.4579,34.6391,287.05,78,100,6.26,US,1675032324
458,alta floresta,-56.0861,-9.8756,295.01,97,37,1.01,BR,1675032324
459,penzance,-5.5371,50.1186,282.53,89,62,8.03,GB,1675032324
460,genhe,121.5167,50.7833,239.38,100,100,0.18,CN,1675032325
461,rongcheng,117.8517,30.634,275.48,56,0,1.61,CN,1675032325
462,griffith,-87.4237,41.5284,271.54,84,100,4.12,US,1675032326
463,lagoa,-27.9833,39.05,287.48,76,22,7.03,PT,1675032326
464,ormara,64.6357,25.2088,290.33,37,0,6.08,PK,1675032327
465,aasiaat,-52.8699,68.7098,260.3,78,100,7.14,GL,1675032327
466,shimoda,138.95,34.6667,277.65,60,2,10.1,JP,1675032328
467,brezova pod bradlom,17.539,48.6635,269.22,87,96,1.17,SK,1675032328
468,taltal,-70.4833,-25.4,293.43,75,94,2.21,CL,1675032329
469,itarema,-39.9167,-2.9248,299.14,78,22,4.36,BR,1675032329
470,kuusamo,29.1833,65.9667,269.17,93,100,3.6,FI,1675032330
471,tupiza,-65.7167,-21.45,290.03,57,78,3.97,BO,1675032302
472,xining,101.7667,36.6167,269.02,26,0,0.9,CN,1675032330
473,stephenville crossing,-58.4318,48.5,266.22,63,40,4.63,CA,1675032331
474,kizilskoye,58.8937,52.7255,255.74,92,88,1.42,RU,1675032331
475,qusar,48.4289,41.4273,272.24,91,85,0.58,AZ,1675032332
476,novovoronezh,39.2173,51.3072,268.81,95,100,1.92,RU,1675032332
477,dafeng,108.5881,23.4517,283.04,40,9,0.89,CN,1675032333
478,fort nelson,-122.7002,58.8053,264.79,66,20,1.54,CA,1675032333
479,ossora,163.0719,59.2353,273.5,95,100,13.81,RU,1675032333
480,dod ballapur,77.5431,13.2919,290.16,96,98,3.19,IN,1675032335
481,haines junction,-137.5108,60.7522,265.06,90,95,0.13,CA,1675032263
482,verkhnevilyuysk,120.3167,63.4453,238.38,98,100,1.43,RU,1675032335
483,grindavik,-22.4338,63.8424,273.41,80,75,4.12,IS,1675032336
484,gat,34.7642,31.61,288.37,100,52,0.92,IL,1675032336
485,egvekinot,-179.1667,66.3167,263.33,75,99,5.74,RU,1675032337
486,coihueco,-71.8333,-36.6167,303.21,24,0,4.35,CL,1675032337
487,gorontalo,123.0595,0.5412,297.4,92,100,1.25,ID,1675032337
488,ugoofaaru,73.0,5.6667,299.72,73,32,3.72,MV,1675032338
489,broome,-75.833,42.2506,279.18,74,100,3.6,US,1675032338
490,rajapur,81.15,25.3833,284.92,52,0,2.9,IN,1675032339
491,sri aman,111.4621,1.2376,297.18,94,100,0.0,MY,1675032339
492,cam ranh,109.1591,11.9214,294.13,60,20,7.2,VN,1675032339
493,znamenskoye,73.8282,57.1281,259.16,96,80,2.61,RU,1675032340
494,termoli,14.9895,41.9888,278.58,74,72,6.28,IT,1675032340
495,umm lajj,37.2685,25.0213,296.44,63,28,1.63,SA,1675032341
496,kalengwa,25.0027,-13.4659,288.46,91,100,1.46,ZM,1675032341
497,dudinka,86.1778,69.4058,251.11,99,100,1.84,RU,1675032341
498,victor harbor,138.6167,-35.5667,290.93,79,86,0.45,AU,1675032342
499,kropotkin,40.5756,45.4375,276.87,76,100,2.18,RU,1675032306
500,warud,78.2667,21.4667,292.32,45,0,2.73,IN,1675032343
501,aitape,142.3475,-3.1374,300.7,76,56,1.1,PG,1675032343
502,bangolo,-7.475,7.0069,297.33,74,100,0.9,CI,1675032343
503,komsomolskiy,71.7189,40.4272,271.55,80,89,1.03,UZ,1675032344
504,bantou,117.4893,26.2151,274.96,67,0,0.83,CN,1675032345
505,nelson bay,152.15,-32.7167,296.18,97,100,2.24,AU,1675032345
506,sonder bjert,9.5674,55.4527,279.9,93,100,11.32,DK,1675032345
507,saint-francois,3.9054,46.4154,272.84,74,100,0.51,FR,1675032084
508,zhigansk,123.3711,66.7697,230.76,97,98,3.81,RU,1675032150
509,hasaki,140.8333,35.7333,272.71,73,21,4.67,JP,1675032346
510,kobayashi,130.9833,31.9833,278.58,95,66,2.12,JP,1675032347
511,asfi,-9.2372,32.2994,283.03,70,0,5.34,MA,1675032347
512,surab,66.2585,28.4914,273.16,58,0,3.51,PK,1675032347
513,vangaindrano,47.6,-23.35,298.02,85,31,0.66,MG,1675032348
514,beaupre,-70.8953,47.0443,266.23,85,100,1.03,CA,1675032348
515,liverpool,-2.9779,53.4106,282.45,92,75,10.29,GB,1675032349
516,dhidhdhoo,73.1,6.8833,299.63,73,11,2.37,MV,1675032349
517,padang,100.3543,-0.9492,296.18,86,93,2.47,ID,1675032350
518,chapais,-74.8492,49.7834,253.03,96,100,0.58,CA,1675032350
519,banjar,114.9675,-8.19,298.01,89,100,1.79,ID,1675032350
520,turkistan,68.0,43.0,267.99,78,98,2.32,KZ,1675032351
521,tuatapere,167.6833,-46.1333,293.15,57,100,0.91,NZ,1675032351
522,saint austell,-4.7658,50.3383,282.46,93,75,6.17,GB,1675032352
523,jieshi,115.8257,22.8134,283.41,52,3,3.56,CN,1675032352
524,hami,93.45,42.8,265.59,34,65,1.8,CN,1675032353
525,sorland,12.6934,67.667,276.07,84,100,11.37,NO,1675032353
526,vanimo,141.3028,-2.6741,299.84,85,100,0.61,PG,1675032353
527,concarneau,-3.9225,47.875,280.59,88,98,3.14,FR,1675032354
528,agustin codazzi,-73.2361,10.0341,306.14,38,39,1.86,CO,1675032354
529,pouembout,164.9,-21.1333,300.07,71,9,2.95,NC,1675032355
530,ocos,-92.1933,14.5094,301.13,63,3,5.26,GT,1675032355
531,aljezur,-8.8033,37.3191,279.44,67,3,3.16,PT,1675032355
532,horsham,-0.3272,51.064,281.65,87,40,7.2,GB,1675032356
533,bowen,148.2333,-20.0167,300.68,69,79,4.65,AU,1675032356
534,abu samrah,37.1841,35.3029,281.86,86,36,2.77,SY,1675032357
535,hamilton,-84.5333,39.1834,281.5,92,100,2.06,US,1675032334
536,belyy yar,91.3903,53.6039,266.09,69,0,6.0,RU,1675032357
537,montargis,2.75,47.8333,274.51,77,28,3.12,FR,1675032358
538,katsuura,140.3,35.1333,280.08,62,12,8.46,JP,1675032358
539,san cristobal,-72.225,7.7669,297.25,67,67,1.35,VE,1675032358
540,sergeyevka,67.4158,53.88,253.95,99,45,3.35,KZ,1675032359
541,mackay,149.2,-21.15,302.97,68,91,2.46,AU,1675032359
542,ust-ishim,71.1665,57.6935,259.57,97,72,2.41,RU,1675032360
543,bontang,117.5,0.1333,297.4,92,98,1.96,ID,1675032295
544,qasigiannguit,-51.1922,68.8193,265.29,74,100,3.7,GL,1675032360
545,taveta,37.6736,-3.3963,293.66,67,27,2.32,KE,1675032361
546,sarakhs,61.1577,36.5449,277.22,57,100,1.21,IR,1675032361
547,sol-iletsk,54.9918,51.1631,257.93,100,100,2.17,RU,1675032362
548,grand-lahou,-5.0242,5.1367,298.94,88,88,3.18,CI,1675032364
549,neiafu,-173.9833,-18.65,302.53,84,75,1.03,TO,1675032364
550,okakarara,17.4333,-20.5833,296.02,58,99,1.43,NA,1675032365
551,nushki,66.0215,29.5542,276.89,69,1,2.0,PK,1675032310
552,tubuala,-79.0333,9.5167,299.17,73,100,6.63,PA,1675032365
553,yertsevo,40.086,60.7966,267.62,94,100,3.9,RU,1675032366
554,katra,74.95,32.9833,281.36,91,100,2.31,IN,1675032366
555,bud,-86.1758,39.447,275.19,91,100,2.98,US,1675032367
556,alofi,-169.9187,-19.0595,300.09,89,79,3.6,NU,1675032367
557,verkhnyaya inta,60.3094,65.9811,261.98,92,100,5.03,RU,1675032368
558,san joaquin,-121.3011,37.9333,282.75,78,100,4.63,US,1675032368
559,chake chake,39.7666,-5.2459,297.48,81,99,2.49,TZ,1675032369
560,muisne,-80.0333,0.6,298.66,86,77,5.66,EC,1675032369
561,kutum,24.6667,14.2,294.81,15,96,2.57,SD,1675032370
562,bettiah,84.5,26.8,287.13,68,41,0.68,IN,1675032370
563,lapua,23.0088,62.9693,274.53,97,100,5.32,FI,1675032370
564,cascais,-9.4215,38.6979,282.62,58,1,2.68,PT,1675032232
565,deblin,21.8483,51.5591,273.14,60,100,5.48,PL,1675032371
566,tilichiki,166.1,60.4667,272.55,92,99,14.91,RU,1675032372
567,vohibinany,49.0333,-17.35,297.97,81,88,1.67,MG,1675032372
568,banda aceh,95.3222,5.5577,297.98,86,96,3.18,ID,1675032373
569,makakilo city,-158.0858,21.3469,296.33,73,20,5.66,US,1675032373
570,lodja,23.4333,-3.4833,293.85,99,88,1.61,CD,1675032374
571,ostrov,28.3537,57.3439,273.0,96,100,6.12,RU,1675032374
572,statesville,-80.8873,35.7826,285.7,56,100,1.54,US,1675032253
573,kavaratti,72.642,10.5669,299.92,70,70,5.13,IN,1675032375
574,zhezkazgan,67.7144,47.8043,251.38,95,6,2.68,KZ,1675032376
575,moosomin,-101.6677,50.1333,248.17,86,100,6.64,CA,1675032376
576,carauari,-66.8958,-4.8828,296.43,97,57,1.29,BR,1675032332
577,agirish,63.0231,61.9247,258.7,92,100,2.78,RU,1675032377
578,viedma,-62.9967,-40.8135,308.87,15,0,7.86,AR,1675032122
579,hualmay,-77.6139,-11.0964,296.42,78,81,3.83,PE,1675032378
580,tabas,56.9244,33.5959,279.79,53,80,1.81,IR,1675032378
581,havre-saint-pierre,-63.5986,50.2334,261.15,60,75,2.57,CA,1675032379
582,aksarka,67.7975,66.5606,255.8,96,100,3.35,RU,1675032379
583,hegang,130.3667,47.4,245.87,96,21,1.7,CN,1675032380
584,talcahuano,-73.1167,-36.7167,293.97,68,0,8.75,CL,1675032380
585,waipawa,175.5153,-41.4122,295.91,66,90,1.94,NZ,1675032381
586,slave lake,-114.769,55.2834,258.14,66,100,2.06,CA,1675032234
587,la ronge,-105.2842,55.1001,251.29,54,75,4.12,CA,1675032382
588,nouadhibou,-17.0347,20.931,290.14,67,53,7.72,MR,1675032382
589,assiniboia,-105.9845,49.6334,250.05,59,100,8.75,CA,1675032383
